Name,Age,City
Jennifer Nguyen,20,Serranoport
Joshua Smith,24,Kellyberg
Gavin Rubio,23,Port Williamhaven
Richard Young,23,Rachelshire
Jeffrey Gregory,18,Port Carla
Crystal Nelson,22,Pricestad
Abigail Clark PhD,18,East Tabitha
Tyler Ferguson,18,Andrewmouth
Judy Vaughn,25,Adamberg
Jordan English,24,Port Tony
Melissa Davis,20,East Bryanhaven
James Boyd,24,North Hunter
Brent Webb,23,New Carlosshire
Theresa Murray DDS,25,North Krystalport
Laura Morgan,24,Lake Charlesside
Vincent Fields,22,South Walterview
Alex Sanchez,18,Daniellemouth
Molly Wells,22,New Phillipmouth
David Doyle,24,Port Seth
William Rodriguez,18,New Leonton
Rita Lane,21,South Walter
Jennifer Smith,22,Hillport
Patrick Erickson,20,Aliciafurt
Mr. Brandon Myers MD,23,Lopezview
Theresa Sellers,18,East David
Julie Fischer,23,Allisonfurt
Matthew Diaz,22,Jonesstad
Michelle Parrish,18,East Ericashire
Ashley Dixon,19,East Wesley
Samuel Moore,25,Danielland
Brandon Smith,18,Karachester
Toni Craig,21,Youngborough
Angela Snyder,19,Port Connor
Jason Frazier,23,South Juliahaven
James Smith,25,West Matthewshire
Annette Silva,24,Mcdanielview
Olivia Hill,24,Kimberlyport
Erica Price,21,North Ashley
Brian Hicks,20,Port Troychester
Jordan Rice,23,East Jessica
Francisco Gutierrez,18,West Rhonda
Charles Neal,19,Fostertown
Terry Rodriguez,24,West Debrabury
Rebecca Malone,18,East Diane
Corey Abbott,20,Davidbury
Connor Barnes,24,Warrenville
Larry Wise,20,Port Dillonburgh
Michael Pearson,25,West Melinda
Susan Bailey,23,Lake Franciscoberg
Andrew Hernandez,25,Gregoryburgh
Joseph Gonzalez,20,Duranchester
Victoria Delgado,19,Jeremyside
David Flynn,24,Dennisland
Laura Adams,19,Fergusonberg
Theodore Francis,23,West Christinachester
Natalie Cisneros,18,South John
Mitchell Griffin,23,Williamschester
Michael Farmer,22,Stevenmouth
David Smith,21,Lake Maryton
Ricky Harris,18,West Cherylstad
Steven Jones,21,South Brianamouth
Kelly Harper,25,Joshuaview
Richard Ferguson,22,Melissaview
James Smith,20,Lake Allison
Regina Weeks,25,Port Jasonberg
Angela Hall,19,Lopezberg
James Powell,21,Cherryburgh
Ashley Stewart,20,Charlesburgh
Stephen Rodriguez,21,Brownview
Stacey Carter,25,Johnsonborough
Gregory Graves,22,West Carmen
Alan Martinez,19,North Joshuastad
Jason Roberts,18,South Chrisfurt
Jessica Lopez,25,Elizabethchester
Deborah Wong,21,Lake Melanieburgh
Joseph Johnson,21,West Stanley
Douglas Phillips,23,Michaelview
Jaime Padilla,22,Michaelshire
Craig Scott,22,Martinezmouth
Margaret Hernandez,23,Lawsonport
Victor Andrews,18,West Christinaland
Kim Jackson,22,Stephaniemouth
Carol Bailey,19,New Elaine
Michael Lyons,18,West Jeanview
Mr. Rick King,20,Lake Michael
Pamela Holland,22,Smithmouth
Brian Winters,24,Ashleyland
Donald Terrell,18,South Evan
Joel Thomas,20,New Jocelynmouth
Robert Jones,24,Port Sandra
David Lewis,25,Burnettchester
Linda Davidson,20,Lake Brian
Kayla Barnett,20,North Laura
Karen Mcdowell,24,Margarethaven
Joel Williams,19,Port Jessica
Jennifer Delgado,25,Port Stephanie
Dwayne Lopez,24,New Caitlinhaven
Mrs. Sarah Mccoy DDS,22,West Michellefurt
Paul Morris,23,South Perryhaven
Dr. Sara Johnson,24,Lake Joyce
